Ермил,Савина,986306,Повременный,133
Архип,Карпова,308512,Повременный,700
Каллистрат,Муравьев,350395,Комбинированный,965
Степан,Федоров,748419,Комбинированный,63
Эрнест,Зайцев,835013,Повременный,493
Кузьма,Симонов,114517,Безлимитный тариф,87
Прокл,Давыдова,958702,Безлимитный тариф,501
Эмиль,Казакова,742187,Комбинированный,730
Аполлинарий,Пономарева,445320,Безлимитный тариф,639
Екатерина,Фомин,248879,Повременный,612
Селиверст,Савельева,103884,Комбинированный,869
Валерьян,Гущина,409950,Комбинированный,262
Якуб,Агафонов,882925,Повременный,193
Лукия,Степанова,148163,Комбинированный,285
Агата,Тихонов,889715,Безлимитный тариф,254
Исидор,Агафонов,991007,Безлимитный тариф,241
Фома,Овчинникова,665905,Повременный,458
Каллистрат,Пестов,223433,Повременный,155
Доброслав,Власова,532880,Комбинированный,299
Савва,Полякова,235518,Безлимитный тариф,822
Ксения,Емельянов,412169,Безлимитный тариф,155
Надежда,Егорова,100818,Безлимитный тариф,423
Карп,Суханов,544082,Комбинированный,532
Аггей,Елисеева,676077,Повременный,455
Митофан,Моисеева,939776,Безлимитный тариф,873
Евлампий,Белоусова,159558,Комбинированный,808
Гаврила,Калинина,791508,Безлимитный тариф,935
Светлана,Авдеев,723107,Повременный,205
Ананий,Авдеев,384347,Повременный,756
Ульяна,Максимов,414705,Безлимитный тариф,770
Павел,Хохлов,758711,Безлимитный тариф,609
Епифан,Рыбакова,536953,Безлимитный тариф,761
Эмиль,Лобанов,857012,Безлимитный тариф,948
Спиридон,Мишина,186541,Комбинированный,306
Феликс,Лихачева,307378,Безлимитный тариф,501
Евлампий,Савельев,962901,Безлимитный тариф,954
Спиридон,Павлова,384627,Повременный,880
Терентий,Федоров,807939,Комбинированный,933
Кондрат,Панова,730834,Безлимитный тариф,208
Юлия,Андреева,426065,Повременный,5
Святополк,Буров,861980,Повременный,975
Андроник,Лаврентьева,102402,Комбинированный,657
Бронислав,Козлов,517843,Повременный,399
Викторин,Кудряшова,967508,Повременный,746
Иларион,Пестова,400281,Безлимитный тариф,376
Леонид,Мишина,724787,Безлимитный тариф,596
Агафон,Зимин,241222,Повременный,557
Кондрат,Мухина,803617,Повременный,14
Степан,Чернова,270618,Повременный,306
Максим,Потапов,727117,Безлимитный тариф,137
Иван,Белова,689405,Безлимитный тариф,829
Никон,Федоров,367065,Комбинированный,952
Вышеслав,Бирюков,578248,Повременный,780
Платон,Зуев,380056,Повременный,695
Денис,Цветков,395237,Повременный,128
Ангелина,Сафонова,635972,Повременный,655
Ипатий,Трофимова,597587,Повременный,381
Ананий,Мухин,620661,Повременный,416
Игнатий,Воронов,685436,Повременный,651
Сидор,Елисеева,702183,Комбинированный,970
Марфа,Третьякова,174925,Безлимитный тариф,610
Лукьян,Уваров,467304,Безлимитный тариф,864
Онуфрий,Колесникова,651113,Повременный,251
Глафира,Зиновьев,849935,Повременный,928
Марина,Козлова,613851,Комбинированный,189
Епифан,Анисимов,167053,Повременный,472
Рюрик,Архипова,988963,Повременный,303
Зинаида,Тарасов,309357,Комбинированный,519
Зинаида,Стрелков,729244,Безлимитный тариф,199
Михаил,Гришин,561958,Повременный,213
Поликарп,Морозов,944202,Комбинированный,856
Евдоким,Щербакова,907826,Повременный,372
Полина,Гусев,567467,Повременный,279
Мстислав,Шилова,298987,Безлимитный тариф,908
Самуил,Шестакова,176170,Комбинированный,388
Трифон,Котова,614562,Безлимитный тариф,475
Аристарх,Ковалев,456591,Повременный,764
Елизар,Пахомова,550166,Повременный,590
Александра,Лаврентьева,422484,Безлимитный тариф,211
Егор,Наумова,229826,Безлимитный тариф,517
Петр,Яковлева,964185,Повременный,487
Ия,Тарасова,602102,Повременный,510
Людмила,Уваров,552624,Повременный,783
Петр,Полякова,967261,Повременный,816
Карл,Ефимова,675775,Безлимитный тариф,554
Изяслав,Родионов,130297,Повременный,841
Иларион,Нестерова,317686,Повременный,975
Алексей,Ефимова,972687,Повременный,697
Панкрат,Игнатьев,186275,Комбинированный,335
Денис,Беляева,457037,Комбинированный,134
Владислав,Щукин,699143,Комбинированный,459
Фирс,Суворова,971813,Комбинированный,19
Валерьян,Веселов,304895,Безлимитный тариф,793
Прохор,Калашникова,670210,Безлимитный тариф,58
Аркадий,Крюков,962563,Безлимитный тариф,206
Светлана,Жукова,632610,Безлимитный тариф,572
Леонтий,Сидорова,719496,Безлимитный тариф,366
Зиновий,Филатов,618515,Комбинированный,552
Мирослав,Кудрявцева,429776,Повременный,843
Дорофей,Трофимов,720437,Комбинированный,505
Евгений,Гордеев,463129,Повременный,633
Казимир,Якушев,270544,Комбинированный,355
Изот,Жданова,707340,Комбинированный,917
Нонна,Колобова,449912,Повременный,335
Эдуард,Ефремов,580670,Повременный,982
Изяслав,Куликова,913118,Повременный,527
Анжелика,Горбачев,264612,Комбинированный,742
Анна,Никонов,385937,Комбинированный,590
Ермил,Пахомова,548747,Комбинированный,486
Панкратий,Беляева,799440,Безлимитный тариф,542
Владилен,Павлов,133833,Повременный,354
Остромир,Копылова,989750,Повременный,977
Агафон,Игнатов,335699,Безлимитный тариф,690
Ладислав,Соловьев,660341,Комбинированный,163
Пантелеймон,Бобылева,176112,Повременный,497
Олег,Филатова,643075,Повременный,805
Лидия,Карпова,836279,Комбинированный,497
Иосиф,Пахомов,388140,Безлимитный тариф,147
Игорь,Михеева,521866,Безлимитный тариф,615
Амвросий,Муравьев,656165,Безлимитный тариф,52
Екатерина,Дементьева,790390,Повременный,889
Владислав,Субботин,456114,Повременный,141
Тамара,Фадеева,395543,Повременный,232
Радислав,Веселов,775559,Повременный,584
Творимир,Воробьева,302328,Повременный,522
Селиван,Максимова,128406,Повременный,463
Милий,Зиновьева,221456,Комбинированный,817
Иван,Фокина,202692,Комбинированный,695
Конон,Попов,115216,Безлимитный тариф,159
Яков,Шестакова,662869,Комбинированный,621
Ираида,Третьяков,519081,Комбинированный,634
Эммануил,Горшкова,604501,Повременный,418
Раиса,Ермакова,589317,Безлимитный тариф,480
Вацлав,Кудрявцев,713555,Безлимитный тариф,422
Эмиль,Кононова,933104,Комбинированный,929
Эмиль,Жданова,758415,Комбинированный,745
Федот,Исаков,240209,Комбинированный,447
Сигизмунд,Михеева,515521,Безлимитный тариф,210
Синклитикия,Маркова,111885,Безлимитный тариф,692
Якуб,Киселева,840202,Безлимитный тариф,503
Сигизмунд,Суворов,463061,Повременный,167
Эрнст,Суханов,784316,Безлимитный тариф,199
Ангелина,Красильникова,650053,Комбинированный,799
Савва,Моисеев,766263,Повременный,934
Елизавета,Калашникова,369322,Безлимитный тариф,692
Самуил,Крылова,232083,Повременный,414
Остап,Терентьев,509276,Комбинированный,732
Кондратий,Воронов,128543,Безлимитный тариф,621
Макар,Белоусов,391083,Комбинированный,459
Лукия,Евсеева,858965,Безлимитный тариф,338
Панфил,Карпов,357340,Безлимитный тариф,507
Марфа,Федотова,290701,Повременный,811
Ян,Мартынов,279161,Безлимитный тариф,127
Макар,Кудрявцева,196325,Повременный,786
Леон,Беляева,926608,Безлимитный тариф,429
Тимур,Афанасьев,827288,Повременный,950
Валентин,Аксенова,639084,Комбинированный,461
Дарья,Гущина,229589,Повременный,335
Гордей,Носкова,900753,Комбинированный,759
Ия,Дементьева,200748,Комбинированный,978
Макар,Никитина,151879,Повременный,297
Остромир,Сидорова,713745,Повременный,417
Соломон,Тимофеев,502283,Комбинированный,576
Ярослав,Большакова,328365,Комбинированный,423
Кира,Игнатова,446311,Безлимитный тариф,524
Ким,Блинов,728080,Безлимитный тариф,628
Мирон,Абрамова,455513,Повременный,618
Матвей,Белякова,645179,Комбинированный,269
Николай,Гуляева,847928,Безлимитный тариф,829
Зинаида,Богданов,666890,Комбинированный,52
Фортунат,Дмитриев,817784,Безлимитный тариф,77
Николай,Быков,113257,Комбинированный,157
Пелагея,Горбачев,511772,Безлимитный тариф,709
Фортунат,Воробьева,942280,Комбинированный,320
Митофан,Никифорова,618859,Комбинированный,309
Афанасий,Бурова,516624,Безлимитный тариф,804
Никон,Трофимов,526193,Безлимитный тариф,962
Ольга,Тетерина,103256,Повременный,413
Лидия,Евсеев,708793,Повременный,668
Семен,Соколова,671535,Безлимитный тариф,471
Герман,Кондратьев,993326,Комбинированный,80
Герасим,Шубина,171081,Безлимитный тариф,349
Остап,Абрамова,342209,Безлимитный тариф,288
Силантий,Корнилова,459024,Повременный,261
Януарий,Чернова,246998,Повременный,639
Амос,Шилова,641885,Безлимитный тариф,367
Вероника,Захарова,130623,Безлимитный тариф,871
Ратибор,Герасимов,306685,Безлимитный тариф,944
Архип,Кузьмин,330494,Повременный,565
Адам,Васильев,486829,Безлимитный тариф,598
Владилен,Фомина,667364,Безлимитный тариф,635
Раиса,Калинин,762020,Безлимитный тариф,899
Анисим,Матвеева,367765,Повременный,47
Марина,Николаев,381550,Комбинированный,743
Касьян,Блохин,390073,Комбинированный,938
Виктор,Яковлев,147180,Безлимитный тариф,851
Сергей,Цветков,763427,Комбинированный,629
Яков,Баранов,411474,Комбинированный,160
Яков,Сорокина,209756,Безлимитный тариф,260
Ратибор,Терентьева,356505,Комбинированный,137
Матвей,Агафонова,508355,Комбинированный,807
Амвросий,Красильников,200351,Комбинированный,182
Амвросий,Уваров,696208,Безлимитный тариф,830
Наталья,Колобова,829026,Повременный,698
Сократ,Воронова,602001,Повременный,871
Павел,Рогов,496323,Повременный,153
Анна,Ширяева,829758,Повременный,913
Анастасия,Лебедев,723626,Комбинированный,996
Анжелика,Федосеева,804304,Повременный,91
Будимир,Журавлев,939256,Повременный,450
Валентин,Лихачев,187088,Комбинированный,850
Мартьян,Блохин,333784,Безлимитный тариф,792
Мариан,Тихонова,261238,Повременный,138
Фадей,Борисова,249781,Комбинированный,690
Терентий,Потапова,842544,Безлимитный тариф,215
Наталья,Блохин,130437,Комбинированный,23
Гаврила,Кошелева,217062,Безлимитный тариф,704
Мстислав,Костин,301681,Повременный,36
Вениамин,Никифоров,784872,Комбинированный,219
Фадей,Горбачева,566271,Комбинированный,473
Дорофей,Андреев,656792,Комбинированный,122
Анжелика,Фомичев,378412,Повременный,577
Ирина,Никонов,766986,Комбинированный,976
Кир,Васильев,807044,Безлимитный тариф,454
Ладислав,Кузьмин,384079,Повременный,547
Радислав,Максимов,568905,Комбинированный,202
Кузьма,Герасимова,930234,Комбинированный,795
Людмила,Силин,641796,Комбинированный,409
Гостомысл,Овчинникова,517610,Безлимитный тариф,736
Константин,Крылова,894976,Повременный,320
Харлампий,Пономарев,176469,Комбинированный,197
Аристарх,Коновалов,984425,Безлимитный тариф,564
Лора,Исаков,438184,Безлимитный тариф,366
Всемил,Анисимов,963040,Безлимитный тариф,257
Осип,Антонова,517377,Комбинированный,497
Аполлон,Савина,557053,Безлимитный тариф,836
Поликарп,Соловьева,726466,Повременный,195
Вячеслав,Дьячкова,920495,Безлимитный тариф,57
Аникита,Белоусов,681015,Комбинированный,372
Ферапонт,Сысоева,559585,Безлимитный тариф,44
Пимен,Киселев,176380,Повременный,565
Ия,Пахомов,114412,Комбинированный,153
Никодим,Суворова,171418,Безлимитный тариф,143
Аким,Ширяева,322922,Безлимитный тариф,186
Марфа,Иванова,157533,Безлимитный тариф,719
Любим,Терентьева,246129,Повременный,3
Федор,Доронина,284342,Комбинированный,251
Раиса,Шубина,528168,Комбинированный,106
Прокл,Сафонов,683837,Комбинированный,160
Ольга,Шашкова,759098,Безлимитный тариф,830
Максимильян,Шилов,452167,Комбинированный,847
Валентина,Родионов,283548,Безлимитный тариф,12
Кондратий,Алексеев,529406,Безлимитный тариф,210
Флорентин,Воробьева,911352,Комбинированный,5
Евграф,Тимофеева,511554,Повременный,557
Милан,Аксенов,217743,Безлимитный тариф,167
Потап,Никонова,722987,Комбинированный,499
Пелагея,Александров,448807,Комбинированный,761
Всемил,Родионова,462263,Комбинированный,253
Мирослав,Дмитриева,739068,Безлимитный тариф,270
Нестор,Некрасов,846678,Комбинированный,626
Пров,Агафонова,707718,Повременный,673
Ярослав,Архипов,432404,Комбинированный,512
Исай,Лукин,311173,Комбинированный,847
Регина,Гусев,364465,Безлимитный тариф,309
Виктор,Исакова,292390,Безлимитный тариф,210
Еремей,Симонова,678415,Повременный,298
Федосий,Кудряшов,311921,Комбинированный,240
Наркис,Воробьев,348454,Комбинированный,318
Ипатий,Михайлов,852657,Повременный,201
Лариса,Кулаков,772994,Повременный,965
Вацлав,Федоров,928207,Комбинированный,824
Лонгин,Егоров,772756,Повременный,969
Октябрина,Комаров,692311,Безлимитный тариф,293
Антонина,Петухов,687714,Безлимитный тариф,990
Олимпиада,Быков,265363,Безлимитный тариф,972
Карп,Хохлов,961757,Безлимитный тариф,575
Леонид,Кулагина,470784,Безлимитный тариф,589
Родион,Симонов,137155,Повременный,366
Изот,Михайлова,493783,Повременный,337
Игнатий,Гуляева,415580,Повременный,193
Аникита,Зиновьева,247417,Комбинированный,13
Эраст,Лаврентьева,158785,Комбинированный,591
Соломон,Самсонов,442402,Безлимитный тариф,549
Епифан,Щукин,555202,Безлимитный тариф,581
Евпраксия,Третьяков,888962,Повременный,236
Анжелика,Третьяков,765841,Безлимитный тариф,943
Тит,Воронцова,391333,Безлимитный тариф,597
Ювеналий,Логинов,256839,Безлимитный тариф,638
Амвросий,Русакова,739225,Комбинированный,683
Феофан,Волков,436506,Комбинированный,678
Егор,Селиверстов,698008,Комбинированный,757
Марк,Дорофеева,743612,Безлимитный тариф,595
Филарет,Зыков,413511,Безлимитный тариф,566
Агап,Ефимов,921845,Повременный,199
Виталий,Белозерова,786132,Безлимитный тариф,676
Панфил,Мельникова,364751,Безлимитный тариф,279
Лукьян,Шилов,583250,Комбинированный,461
Мокей,Носков,563411,Комбинированный,470
Роман,Александров,544959,Комбинированный,339
Всеслав,Данилова,236884,Комбинированный,862
Анжелика,Суханов,539165,Безлимитный тариф,227
Антип,Лыткин,839617,Безлимитный тариф,847
Константин,Абрамов,502437,Комбинированный,869
Емельян,Дроздов,550118,Безлимитный тариф,397
Анжелика,Гаврилов,403069,Повременный,198
Архип,Доронин,282457,Безлимитный тариф,615
Иларион,Нестеров,608243,Повременный,595
Автоном,Алексеев,362439,Комбинированный,878
Селиван,Бирюков,276405,Повременный,268
Родион,Суханова,888233,Повременный,162
Бажен,Белозеров,803872,Комбинированный,495
Лев,Киселева,647247,Комбинированный,710
Аполлон,Лазарева,628975,Комбинированный,89
Викторин,Зиновьев,187539,Повременный,355
Максимильян,Боброва,431386,Комбинированный,404
Иосиф,Логинова,413317,Комбинированный,473
Ия,Титов,213574,Комбинированный,72
Галина,Савельева,104795,Безлимитный тариф,205
Климент,Константинова,908457,Повременный,762
Афанасий,Костин,660939,Повременный,68
Синклитикия,Корнилова,379619,Повременный,462
Силантий,Лихачев,321537,Безлимитный тариф,549
Евгения,Пахомов,980175,Комбинированный,219
Куприян,Артемьев,703592,Безлимитный тариф,179
Селиван,Романов,228540,Безлимитный тариф,665
Филимон,Мамонтова,614006,Повременный,663
Исидор,Муравьев,369990,Комбинированный,871
Николай,Егорова,801754,Повременный,552
Михей,Захаров,609775,Комбинированный,101
Христофор,Красильников,599999,Безлимитный тариф,160
Бронислав,Щукина,581472,Комбинированный,897
Вышеслав,Родионов,244100,Безлимитный тариф,958
Вышеслав,Кириллов,681120,Комбинированный,548
Лазарь,Галкин,141077,Безлимитный тариф,596
Виссарион,Дементьева,167157,Комбинированный,47
Вадим,Сафонов,650898,Повременный,158
Ярополк,Брагин,376719,Комбинированный,544
Феврония,Кулакова,668108,Безлимитный тариф,547
Сила,Калашникова,418637,Повременный,223
Петр,Маслов,834066,Безлимитный тариф,816
Олег,Родионова,525713,Повременный,825
Евдокия,Попова,451738,Комбинированный,631
Нонна,Турова,477117,Комбинированный,970
Автоном,Корнилов,468841,Повременный,554
Юрий,Беляев,944994,Безлимитный тариф,999
Евгения,Мишина,739616,Повременный,722
Ювеналий,Лыткина,841804,Безлимитный тариф,375
Анжела,Лазарев,574651,Повременный,799
Нонна,Горбачева,743154,Повременный,673
Карл,Князева,265017,Безлимитный тариф,814
Игнатий,Пономарев,355321,Комбинированный,256
Андрон,Ефремова,610290,Комбинированный,837
Пахом,Маркова,836419,Комбинированный,190
Анжела,Рябов,280022,Комбинированный,522
Афанасий,Захаров,825038,Комбинированный,665
Добромысл,Артемьев,816344,Повременный,892
Игнатий,Борисов,295406,Безлимитный тариф,566
Олимпий,Русакова,856630,Повременный,809
Потап,Власов,678312,Комбинированный,993
Ерофей,Петров,397450,Комбинированный,889
Прасковья,Костина,433537,Повременный,189
Герман,Белозерова,767055,Комбинированный,983
Матвей,Крылов,912491,Повременный,546
Нинель,Фомичева,649877,Безлимитный тариф,781
Рюрик,Максимов,493451,Повременный,881
Харитон,Беляева,503162,Безлимитный тариф,700
Евдокия,Владимирова,365582,Комбинированный,241
Болеслав,Орехов,730293,Комбинированный,147
Иларион,Кириллова,936151,Повременный,936
Клавдий,Владимиров,672564,Комбинированный,621
Еремей,Панфилова,412642,Повременный,93
Мина,Поляков,931719,Безлимитный тариф,435
Сигизмунд,Ширяева,846838,Повременный,623
Ферапонт,Гуляев,771384,Безлимитный тариф,23
Наталья,Рыбаков,847333,Безлимитный тариф,595
Эрнест,Пономарев,803674,Комбинированный,938
Светозар,Козлов,540302,Безлимитный тариф,689
Каллистрат,Кириллов,738951,Комбинированный,877
Гаврила,Мишин,859973,Комбинированный,162
София,Вишняков,504323,Безлимитный тариф,952
Ростислав,Медведев,146990,Повременный,270
Селиван,Кузьмина,797472,Комбинированный,213
Алевтина,Голубев,994632,Комбинированный,708
Прокл,Матвеева,362332,Повременный,99
Агафон,Дорофеев,509747,Повременный,291
Мефодий,Фокина,459666,Повременный,722
Тамара,Устинова,702832,Комбинированный,805
Орест,Тарасов,162658,Безлимитный тариф,855
Евлампий,Гаврилов,923347,Повременный,50
Прасковья,Крылов,936343,Комбинированный,40
Богдан,Ермаков,937819,Повременный,105
Алина,Петров,589585,Безлимитный тариф,497
Эрнст,Колобов,704153,Комбинированный,45
Емельян,Зуева,998598,Комбинированный,612
Твердислав,Ермаков,608389,Комбинированный,648
Никандр,Фролов,828850,Повременный,736
Игнатий,Крюков,793313,Комбинированный,81
Селиверст,Ефремов,656827,Комбинированный,800
Август,Фадеев,598149,Комбинированный,627
Семен,Воронов,354639,Безлимитный тариф,454
Варвара,Крылова,349062,Безлимитный тариф,191
Владлен,Казаков,681481,Комбинированный,884
Эммануил,Доронин,372895,Безлимитный тариф,296
Любосмысл,Никифоров,935941,Повременный,240
Мечислав,Комаров,263222,Безлимитный тариф,574
Марк,Яковлев,726426,Повременный,137
Аполлинарий,Ильин,931673,Комбинированный,438
Феоктист,Якушева,352094,Комбинированный,740
Екатерина,Щукин,429780,Комбинированный,946
Сократ,Бобров,966907,Комбинированный,695
Бронислав,Анисимова,624370,Безлимитный тариф,339
Эрнест,Андреева,917357,Безлимитный тариф,229
Болеслав,Абрамова,203961,Повременный,876
Ипат,Корнилов,613897,Безлимитный тариф,467
Антонина,Калинина,829088,Повременный,985
Елизавета,Константинов,697481,Комбинированный,109
Аникей,Федосеев,599499,Безлимитный тариф,128
Лука,Самсонова,496614,Безлимитный тариф,98
Трофим,Крылова,384025,Повременный,839
Авксентий,Алексеев,759725,Повременный,12
Анна,Ильин,960026,Комбинированный,413
Христофор,Новиков,620379,Повременный,63
Герман,Белов,380274,Комбинированный,252
Милий,Силина,505128,Повременный,295
Терентий,Рыбаков,154536,Повременный,255
Милица,Шубин,135268,Повременный,162
Степан,Красильникова,773617,Комбинированный,694
Клавдий,Игнатова,735701,Комбинированный,173
Егор,Осипова,935725,Комбинированный,130
Наина,Ковалев,547244,Повременный,764
Любим,Тимофеева,290573,Безлимитный тариф,852
Мефодий,Орехова,637110,Безлимитный тариф,478
Нинель,Павлов,548666,Повременный,794
Любовь,Овчинникова,681435,Безлимитный тариф,2
Вадим,Туров,140913,Повременный,989
Глеб,Комаров,663545,Безлимитный тариф,456
Денис,Орлова,928612,Безлимитный тариф,875
Федор,Калинина,278304,Комбинированный,509
Лукьян,Крылов,234741,Комбинированный,21
Виталий,Титов,558859,Безлимитный тариф,817
Демьян,Трофимова,751815,Комбинированный,293
Аскольд,Суворов,351695,Безлимитный тариф,613
Прохор,Константинова,759389,Повременный,408
Евстафий,Михеев,983713,Безлимитный тариф,888
Савватий,Стрелков,987427,Безлимитный тариф,367
Тамара,Павлов,392296,Комбинированный,560
Василиса,Жданова,680388,Комбинированный,482
Карл,Лапина,139109,Комбинированный,231
Еремей,Виноградова,128654,Комбинированный,209
Август,Елисеев,375750,Повременный,447
Еремей,Титов,268125,Повременный,412
Афиноген,Калашников,828443,Комбинированный,84
Лучезар,Кудряшова,476036,Комбинированный,360
Куприян,Савина,326061,Безлимитный тариф,763
Касьян,Игнатова,618166,Повременный,125
Ерофей,Павлова,209846,Комбинированный,888
Фотий,Савина,659809,Безлимитный тариф,298
Остап,Копылова,689502,Повременный,157
Сократ,Маркова,973809,Комбинированный,99
Лука,Соловьев,291484,Повременный,755
Ерофей,Шарапов,298525,Комбинированный,207
Никифор,Кузнецов,413233,Комбинированный,200
Станимир,Лазарев,768961,Безлимитный тариф,912
Дарья,Молчанов,635610,Повременный,111
Гостомысл,Третьяков,453294,Повременный,913
Гремислав,Евсеев,406238,Комбинированный,614
Лука,Кондратьев,684667,Повременный,658
Мечислав,Марков,456796,Повременный,723
Аполлон,Гуляева,170206,Безлимитный тариф,425
Кирилл,Шарапов,814344,Повременный,585
Руслан,Белякова,473180,Безлимитный тариф,606
Радим,Тимофеева,530827,Безлимитный тариф,425
Фома,Тихонов,709241,Повременный,539
Вениамин,Семенов,175862,Безлимитный тариф,469
Яков,Сергеева,137719,Повременный,313
Викентий,Быков,570448,Безлимитный тариф,775
Феврония,Абрамов,466634,Повременный,900
Прокофий,Силин,204386,Безлимитный тариф,918
Лариса,Данилов,652249,Комбинированный,260
Артемий,Сафонова,891636,Безлимитный тариф,760
Илья,Тимофеев,952924,Комбинированный,55
Александр,Кузнецова,635024,Повременный,850
Твердислав,Никитина,184464,Повременный,734
Эрнст,Зуева,610575,Безлимитный тариф,212
Наум,Данилов,237209,Безлимитный тариф,490
Глафира,Алексеева,748735,Безлимитный тариф,315
Фотий,Дорофеев,859824,Комбинированный,849
Юлия,Афанасьева,669597,Повременный,367
Елизавета,Евдокимова,740672,Безлимитный тариф,199
Анжела,Марков,155392,Безлимитный тариф,312
Азарий,Мамонтов,663244,Безлимитный тариф,37
Софон,Романов,727321,Повременный,43
Бажен,Лыткин,735563,Комбинированный,127
Лучезар,Костина,755358,Комбинированный,498
Кузьма,Данилов,818475,Безлимитный тариф,667
Олег,Яковлев,653099,Безлимитный тариф,322
Нестор,Русакова,720742,Повременный,948
Степан,Сазонова,648440,Повременный,83
Прокофий,Попова,114980,Безлимитный тариф,675
Силантий,Колобова,815034,Безлимитный тариф,639
Будимир,Яковлев,172726,Комбинированный,599
Аполлон,Семенова,674499,Безлимитный тариф,772
Андроник,Титова,993293,Безлимитный тариф,556
Радим,Носова,935982,Повременный,587
Гостомысл,Поляков,443146,Повременный,211
Орест,Селезнева,584744,Безлимитный тариф,20
Родион,Бирюкова,120841,Комбинированный,697
Валентин,Бобылева,184998,Повременный,608
Сигизмунд,Евсеев,997879,Комбинированный,514
Ираклий,Игнатова,124053,Комбинированный,398
Олимпиада,Суворова,300052,Повременный,4
Всеволод,Кононов,138512,Комбинированный,726
Олимпиада,Крылова,320366,Безлимитный тариф,662
Гурий,Ларионов,772922,Повременный,549
Вадим,Морозов,775308,Безлимитный тариф,466
Август,Горбачева,395802,Повременный,819
Глафира,Поляков,246782,Повременный,923
Артемий,Павлова,668584,Комбинированный,549
Лука,Новиков,994447,Комбинированный,665
Эрнст,Большаков,183347,Повременный,16
Агап,Воробьев,615927,Комбинированный,517
Евпраксия,Вишняков,903245,Повременный,586
Марина,Игнатова,565278,Комбинированный,303
Исай,Лебедев,344337,Комбинированный,278
Олимпий,Рожков,984829,Комбинированный,598
Галактион,Дроздов,471870,Повременный,506
Милий,Селезнев,142524,Безлимитный тариф,729
Эрнест,Николаев,568189,Безлимитный тариф,252
Леонтий,Королева,513244,Комбинированный,987
Авксентий,Сазонова,945763,Комбинированный,869
Антонина,Григорьева,395033,Комбинированный,322
Остап,Макаров,278525,Комбинированный,792
Яков,Матвеев,261067,Безлимитный тариф,759
Еремей,Сергеева,473239,Повременный,452
Аркадий,Беляков,606416,Комбинированный,714
Данила,Игнатьев,799339,Комбинированный,749
Ангелина,Гаврилов,422250,Комбинированный,845
Мартын,Елисеева,776027,Комбинированный,939
Юрий,Егоров,150798,Безлимитный тариф,204
Спиридон,Самсонова,413157,Повременный,672
Марина,Дмитриева,741526,Комбинированный,112
Кузьма,Дроздова,159284,Комбинированный,395
Роман,Мясникова,958217,Безлимитный тариф,658
Прокофий,Копылова,802275,Безлимитный тариф,554
Вера,Хохлов,222183,Комбинированный,345
Давыд,Зимина,940412,Комбинированный,455
Сидор,Носкова,696615,Повременный,572
Ипат,Киселев,494024,Комбинированный,223
Юлий,Мельников,682811,Комбинированный,33
Влас,Кузьмина,829669,Повременный,805
Бажен,Пестов,377395,Безлимитный тариф,393
Макар,Одинцов,359934,Комбинированный,466
Святослав,Соловьев,370871,Безлимитный тариф,858
Никита,Блохин,684916,Повременный,638
Зосима,Ефимова,179499,Безлимитный тариф,482
Владлен,Калинина,565206,Комбинированный,702
Фома,Моисеев,204045,Безлимитный тариф,863
Лукия,Блинов,830909,Повременный,890
Касьян,Воронова,607396,Повременный,845
Григорий,Орлов,102272,Повременный,318
Кира,Савина,897654,Повременный,980
Мариан,Воронцов,399471,Безлимитный тариф,301
Нестор,Дьячкова,811965,Комбинированный,157
Карл,Аксенов,160076,Комбинированный,97
Мирослав,Кузнецов,776137,Повременный,749
Аггей,Цветкова,531475,Безлимитный тариф,921
Александр,Романова,881158,Повременный,449
Ростислав,Савельев,973648,Безлимитный тариф,7
Болеслав,Щукина,504189,Комбинированный,800
Борислав,Буров,682642,Комбинированный,213
Лавр,Гордеева,377221,Безлимитный тариф,459
Соломон,Ершова,957621,Повременный,85
Лидия,Савин,748597,Безлимитный тариф,124
Зоя,Афанасьев,690263,Повременный,604
Филарет,Филатова,521794,Безлимитный тариф,646
Демьян,Дьячков,717763,Комбинированный,443
Зосима,Ермакова,515710,Безлимитный тариф,682
Эмиль,Афанасьев,130133,Повременный,112
Лидия,Сазонова,676056,Безлимитный тариф,448
Прокл,Журавлева,290683,Безлимитный тариф,513
Ксения,Осипова,624533,Безлимитный тариф,206
Роман,Комиссарова,149360,Комбинированный,946
Анна,Мельникова,200694,Комбинированный,788
Ермил,Носов,231171,Безлимитный тариф,708
Тамара,Блинов,734832,Комбинированный,345
Фотий,Кабанова,159102,Комбинированный,183
Максимильян,Павлов,716733,Безлимитный тариф,195
Владислав,Ершова,913027,Безлимитный тариф,544
Амвросий,Устинова,164063,Комбинированный,659
Вадим,Колобов,666310,Комбинированный,416
Эмилия,Шарова,471295,Безлимитный тариф,420
Афанасий,Бобылева,430348,Повременный,95
Наркис,Терентьев,499126,Безлимитный тариф,597
Людмила,Новиков,306992,Комбинированный,514
Варлаам,Павлова,534587,Безлимитный тариф,127
Игнатий,Одинцова,902787,Повременный,219
Октябрина,Тарасов,688187,Комбинированный,553
Епифан,Авдеева,842496,Повременный,790
Фаина,Рожков,667111,Безлимитный тариф,346
Евстигней,Гаврилова,589158,Комбинированный,111
Фёкла,Власов,568698,Комбинированный,341
Трофим,Потапова,829803,Комбинированный,445
Василий,Самсонова,988565,Комбинированный,575
Селиверст,Николаев,571882,Повременный,94
Флорентин,Никитин,992368,Комбинированный,946
Трифон,Логинова,646467,Комбинированный,970
Иларион,Панфилова,723120,Безлимитный тариф,332
Афанасий,Белоусова,109670,Комбинированный,942
Федот,Родионов,979167,Безлимитный тариф,225
Елизар,Дмитриев,805817,Повременный,485
Анастасия,Агафонова,466879,Безлимитный тариф,390
Пелагея,Блохина,410474,Комбинированный,175
Поликарп,Осипова,649808,Повременный,656
Нестор,Меркушева,371722,Повременный,412
Аким,Горбунов,559687,Комбинированный,261
Якуб,Горбачев,326914,Комбинированный,475
Зиновий,Горбунова,647036,Повременный,736
Регина,Ширяева,960622,Безлимитный тариф,903
Нинель,Самойлов,209623,Комбинированный,765
Тимофей,Ермакова,386335,Повременный,979
Любомир,Иванова,377866,Безлимитный тариф,966
Ананий,Тетерина,992164,Комбинированный,803
Тихон,Морозова,715147,Комбинированный,859
Мечислав,Харитонов,960611,Повременный,307
Феофан,Семенова,174600,Комбинированный,22
Трифон,Орлов,601755,Комбинированный,189
Гурий,Мамонтов,606169,Комбинированный,329
Мария,Кошелева,481471,Повременный,501
Гордей,Филиппов,187501,Повременный,362
Тит,Анисимов,569205,Повременный,166
Нинель,Жуков,459816,Повременный,568
Марфа,Сидорова,863597,Повременный,95
Селиверст,Комиссарова,148104,Повременный,765
Евгений,Соболева,574573,Безлимитный тариф,581
Тарас,Беляков,177547,Повременный,379
Твердислав,Дьячкова,979026,Повременный,488
Мина,Кабанов,225331,Повременный,819
Рюрик,Игнатова,116968,Безлимитный тариф,730
Евлампий,Белозерова,846916,Комбинированный,108
Фрол,Герасимов,793851,Безлимитный тариф,365
Арсений,Белякова,586189,Повременный,318
Пелагея,Юдина,241129,Безлимитный тариф,242
Владлен,Терентьев,630014,Комбинированный,220
Евсей,Игнатьев,844653,Комбинированный,775
Панкрат,Шубин,491519,Безлимитный тариф,610
Аристарх,Соболев,409952,Комбинированный,121
Мирослав,Сорокина,197472,Безлимитный тариф,444
Дорофей,Данилов,684701,Комбинированный,166
Венедикт,Логинов,736186,Повременный,956
Дорофей,Кабанов,245656,Безлимитный тариф,389
Татьяна,Исаков,403377,Комбинированный,768
Август,Орехов,340912,Повременный,180
Савватий,Тетерина,472749,Безлимитный тариф,721
Федосий,Зайцев,786832,Комбинированный,588
Антип,Вишняков,164374,Безлимитный тариф,472
Мариан,Алексеева,338767,Повременный,647
Амос,Терентьев,362921,Комбинированный,406
Иннокентий,Евсеева,436774,Комбинированный,45
Остромир,Сидоров,207353,Комбинированный,155
Ермил,Галкина,773450,Комбинированный,75
Галактион,Кононова,999689,Повременный,355
Твердислав,Симонова,191379,Безлимитный тариф,95
Стоян,Мишин,833321,Комбинированный,355
Тихон,Филатова,965173,Комбинированный,869
Ладислав,Князева,905409,Безлимитный тариф,967
Герасим,Поляков,208303,Повременный,269
Мир,Иванова,743692,Комбинированный,429
Валерия,Владимиров,737106,Комбинированный,626
Анжела,Лобанов,320813,Повременный,652
Варвара,Карпова,287349,Комбинированный,545
Агафья,Кондратьева,692876,Безлимитный тариф,79
Антонин,Гуляева,754397,Комбинированный,255
Кондратий,Авдеева,760254,Комбинированный,380
Святополк,Савельева,396191,Повременный,349
Олимпиада,Родионова,404178,Безлимитный тариф,860
Алина,Григорьева,119014,Безлимитный тариф,621
Игорь,Шилова,393519,Комбинированный,618
Будимир,Киселев,387885,Безлимитный тариф,913
Андроник,Баранова,106373,Безлимитный тариф,67
Болеслав,Котова,362879,Комбинированный,990
Нина,Лебедева,347381,Безлимитный тариф,887
Агата,Дементьева,918748,Безлимитный тариф,796
Мартын,Моисеева,638971,Повременный,311
Владилен,Миронов,994209,Комбинированный,829
Гремислав,Павлов,660913,Безлимитный тариф,805
Парфен,Фомичев,457178,Комбинированный,764
Анатолий,Марков,628050,Комбинированный,775
Наталья,Меркушева,716408,Комбинированный,421
Евграф,Соколов,459866,Комбинированный,1
Август,Карпов,655972,Безлимитный тариф,917
Полина,Владимиров,415405,Повременный,917
Варфоломей,Анисимов,341304,Повременный,606
Татьяна,Анисимова,363308,Безлимитный тариф,219
Самуил,Потапов,319980,Повременный,40
Евстигней,Лихачева,536775,Комбинированный,60
Лидия,Мишин,471016,Комбинированный,534
Олимпиада,Королев,593248,Повременный,534
Семен,Белоусов,805118,Повременный,411
Антип,Дьячков,748621,Безлимитный тариф,834
Михей,Мартынов,859390,Повременный,333
Осип,Макарова,524063,Безлимитный тариф,117
Остап,Дроздова,380678,Безлимитный тариф,986
Эмилия,Блохина,736804,Безлимитный тариф,536
Ростислав,Шарова,151781,Безлимитный тариф,351
Евгения,Фадеева,145506,Комбинированный,133
Лора,Александров,731252,Безлимитный тариф,481
Валерьян,Фомичева,661821,Повременный,325
Дмитрий,Уваров,470502,Повременный,433
Святослав,Фокин,704844,Комбинированный,917
Елисей,Мамонтов,744497,Повременный,237
Евдокия,Гуляева,682234,Комбинированный,773
Валерьян,Владимирова,968615,Комбинированный,815
Михей,Белозеров,816817,Комбинированный,150
Анисим,Смирнова,278969,Комбинированный,862
Творимир,Фадеева,230972,Безлимитный тариф,353
Натан,Зайцев,211153,Повременный,507
Самсон,Кулакова,303271,Безлимитный тариф,61
Надежда,Лаврентьев,531486,Безлимитный тариф,739
Ипат,Лазарев,760080,Комбинированный,586
Федот,Емельянова,821727,Комбинированный,335
Егор,Рыбакова,804862,Повременный,893
Леон,Максимов,919469,Комбинированный,624
Николай,Котов,461409,Комбинированный,600
Акулина,Архипов,620911,Безлимитный тариф,241
Терентий,Одинцов,777354,Комбинированный,576
Анастасия,Пестова,459299,Комбинированный,915
Агафья,Носков,575313,Безлимитный тариф,691
Корнил,Зиновьева,436031,Комбинированный,137
Кондратий,Зыкова,802509,Повременный,37
Аркадий,Гаврилов,932868,Повременный,414
Мина,Пестова,915244,Безлимитный тариф,509
Галактион,Андреева,262738,Безлимитный тариф,787
Гурий,Коновалова,884009,Безлимитный тариф,95
Борислав,Быкова,805703,Комбинированный,182
Онуфрий,Гусев,802012,Повременный,86
Милица,Антонов,691978,Комбинированный,85
Валерьян,Шашкова,833168,Повременный,410
Всеслав,Никитин,970002,Повременный,300
Владилен,Шестакова,776712,Повременный,877
Ратмир,Медведева,684038,Повременный,471
Поликарп,Журавлева,569864,Комбинированный,20
Юрий,Селиверстов,173859,Повременный,378
Мина,Кулагин,565553,Комбинированный,937
Афиноген,Кононов,265792,Комбинированный,109
Зосима,Миронова,921578,Комбинированный,889
Афанасий,Борисов,379577,Повременный,728
Лаврентий,Трофимов,131242,Повременный,119
Вацлав,Волков,224806,Комбинированный,491
Богдан,Бобылев,958670,Комбинированный,406
Елизавета,Горбунова,672754,Повременный,714
Исай,Панов,931109,Повременный,319
Андрей,Ефремова,902998,Комбинированный,292
Кондратий,Хохлова,714700,Безлимитный тариф,679
Агап,Никитина,970061,Повременный,35
Мина,Гусев,323338,Комбинированный,155
Феофан,Морозова,228554,Комбинированный,488
Валерия,Игнатьева,879333,Безлимитный тариф,890
Аким,Лобанов,337864,Безлимитный тариф,346
Георгий,Котова,932676,Комбинированный,983
Милий,Лобанова,237761,Комбинированный,569
Степан,Фомичев,209545,Безлимитный тариф,581
Роман,Беспалов,719563,Повременный,901
Ирина,Морозов,722805,Безлимитный тариф,520
Святослав,Александров,457236,Повременный,23
Евсей,Орехова,575801,Комбинированный,961
Ким,Некрасов,826802,Безлимитный тариф,227
Виталий,Аксенов,468964,Комбинированный,367
Елизавета,Доронина,234909,Безлимитный тариф,753
Радислав,Бирюков,899155,Комбинированный,424
Таисия,Рябова,469077,Безлимитный тариф,275
Якуб,Петров,229308,Безлимитный тариф,748
Максимильян,Федотова,726062,Комбинированный,642
Савватий,Сафонов,916005,Повременный,511
Нестор,Никитина,446940,Безлимитный тариф,464
Акулина,Медведева,628459,Повременный,214
Лукьян,Сидорова,250953,Комбинированный,36
Матвей,Савельев,382390,Комбинированный,373
Мирослав,Соловьева,293209,Повременный,590
Будимир,Бирюкова,821766,Повременный,460
Феликс,Голубев,277535,Повременный,153
Марина,Смирнов,115811,Повременный,654
Дорофей,Блинова,475450,Комбинированный,605
София,Богданова,780011,Комбинированный,117
Фирс,Ковалев,847679,Безлимитный тариф,797
Вячеслав,Вишнякова,973544,Повременный,836
Карл,Галкина,820004,Повременный,722
Ананий,Зайцева,299328,Повременный,837
Радован,Панфилова,610890,Комбинированный,186
Бажен,Федоров,905813,Комбинированный,105
Кирилл,Шашков,463925,Комбинированный,543
Амвросий,Дмитриев,205337,Безлимитный тариф,175
Аверьян,Логинова,545670,Комбинированный,17
Аверкий,Волкова,957240,Безлимитный тариф,55
Гедеон,Фролова,403900,Безлимитный тариф,710
Ладислав,Фомин,153656,Повременный,201
Василиса,Сорокин,148044,Комбинированный,935
Прасковья,Колобова,756974,Повременный,221
Любим,Поляков,879666,Безлимитный тариф,995
Марина,Аксенова,366804,Повременный,530
Трифон,Федотов,966962,Повременный,139
Лазарь,Князев,964458,Комбинированный,400
Панфил,Некрасов,594632,Безлимитный тариф,965
Иннокентий,Лукина,578735,Комбинированный,846
Борислав,Селезнева,886322,Комбинированный,548
Ефим,Наумов,606246,Комбинированный,865
Амвросий,Шашков,424960,Повременный,194
Эрнст,Брагина,800356,Повременный,376
Владислав,Рыбаков,610851,Безлимитный тариф,14
Сергей,Меркушева,398425,Повременный,769
Порфирий,Матвеева,350925,Повременный,382
Радим,Антонова,920710,Безлимитный тариф,141
Аггей,Самсонова,794033,Повременный,694
Парфен,Егоров,382947,Повременный,47
Милован,Савельева,301654,Комбинированный,236
Елисей,Третьякова,685130,Комбинированный,812
Лидия,Бобылев,873173,Комбинированный,613
Никон,Волков,452770,Комбинированный,896
Ярослав,Игнатьева,670945,Безлимитный тариф,456
Агап,Быков,178902,Повременный,537
Боян,Ковалева,415683,Комбинированный,606
Максим,Капустин,636910,Комбинированный,619
Маргарита,Андреева,450820,Безлимитный тариф,569
Леонтий,Гордеева,288553,Безлимитный тариф,532
Денис,Исаков,527940,Безлимитный тариф,970
Ираида,Суворов,831869,Повременный,582
Мина,Авдеева,476278,Повременный,71
Милица,Пахомова,886671,Комбинированный,639
Тит,Борисов,780366,Безлимитный тариф,799
Валентина,Миронов,569176,Повременный,200
Эдуард,Воронцова,712271,Безлимитный тариф,365
Тит,Смирнова,969059,Повременный,259
Евлампий,Абрамова,117869,Безлимитный тариф,900
Артемий,Филатов,349154,Повременный,430
Иларион,Бирюков,990946,Комбинированный,815
Савва,Самойлова,819342,Комбинированный,73
Наталья,Брагина,771322,Повременный,395
Валерия,Ершов,922214,Безлимитный тариф,47
Кондратий,Костин,683694,Безлимитный тариф,100
Климент,Трофимов,232895,Комбинированный,464
Касьян,Дорофеева,199841,Безлимитный тариф,201
Гремислав,Мясников,606472,Повременный,378
Тимур,Марков,623202,Повременный,539
Кир,Смирнов,621970,Комбинированный,430
Павел,Капустин,307175,Комбинированный,407
Еремей,Орехова,810363,Повременный,648
Тимур,Афанасьева,462741,Повременный,506
Савватий,Егоров,191346,Комбинированный,664
Юлиан,Фокина,622625,Комбинированный,68
Аким,Киселев,553289,Комбинированный,96
Святополк,Шашкова,918270,Безлимитный тариф,489
Рюрик,Сорокина,743879,Комбинированный,809
Светлана,Гусев,252673,Повременный,464
Наталья,Галкин,188559,Безлимитный тариф,529
Всемил,Колобов,269173,Повременный,811
Терентий,Гришин,632692,Комбинированный,825
Олимпий,Анисимова,863240,Повременный,43
Ефим,Князев,188310,Комбинированный,822
Ульян,Игнатова,903083,Повременный,57
Лукия,Панов,492874,Безлимитный тариф,43
Елизавета,Никонов,212783,Повременный,226
Валентин,Сысоев,845708,Безлимитный тариф,335
Венедикт,Лапина,116074,Безлимитный тариф,936
Глеб,Давыдова,493974,Безлимитный тариф,746
Стоян,Киселева,312095,Безлимитный тариф,436
Гурий,Дементьев,951092,Комбинированный,430
Аркадий,Антонова,408504,Повременный,538
Болеслав,Щукина,134961,Комбинированный,824
Прохор,Назаров,690956,Повременный,250
Спиридон,Селиверстов,691858,Повременный,21
Эрнст,Васильева,210861,Повременный,418
Аркадий,Никонов,867992,Комбинированный,837
Лора,Носков,199597,Комбинированный,585
Олимпий,Баранов,405688,Безлимитный тариф,74
Радим,Денисов,974893,Повременный,400
Кирилл,Хохлова,492246,Повременный,978
Вениамин,Костин,704758,Комбинированный,989
Софон,Дорофеев,972787,Повременный,376
Эммануил,Стрелков,331765,Безлимитный тариф,899
Ферапонт,Одинцов,176900,Повременный,952
Екатерина,Сергеев,176951,Комбинированный,662
Ипполит,Вишняков,139128,Безлимитный тариф,718
Ким,Андреева,252365,Безлимитный тариф,348
Егор,Костина,805860,Повременный,850
Дорофей,Сергеев,949421,Безлимитный тариф,308
Ксения,Мишин,471735,Комбинированный,60
Спиридон,Крылов,651666,Безлимитный тариф,822
Елизавета,Евсеева,544419,Комбинированный,545
Юрий,Фокина,376372,Комбинированный,725
Фаина,Зайцев,819660,Повременный,326
Филарет,Константинова,490779,Безлимитный тариф,30
Остап,Медведев,597638,Повременный,540
Варфоломей,Суханова,838549,Комбинированный,613
Чеслав,Сидорова,727102,Повременный,905
Анатолий,Жукова,960202,Безлимитный тариф,619
Анна,Галкин,283819,Безлимитный тариф,6
Эдуард,Журавлева,385771,Комбинированный,196
Венедикт,Власов,756226,Безлимитный тариф,246
Климент,Турова,645716,Комбинированный,341
Руслан,Жукова,394550,Повременный,139
Игнатий,Носкова,133173,Повременный,547
Феоктист,Савин,398550,Комбинированный,979
Конон,Рожков,192027,Повременный,859
Ян,Мельникова,371270,Безлимитный тариф,296
Автоном,Анисимов,937488,Повременный,960
Нинель,Самсонов,464006,Повременный,850
Изот,Кулагин,729726,Повременный,591
Эмиль,Морозова,542442,Комбинированный,762
Никифор,Голубева,904773,Безлимитный тариф,414
Всеволод,Блинов,671973,Повременный,827
Архип,Хохлов,959492,Комбинированный,211
Елена,Мишин,605864,Безлимитный тариф,638
Нестор,Логинова,890984,Комбинированный,348
Амвросий,Панфилов,576479,Комбинированный,367
Пантелеймон,Федоров,668532,Безлимитный тариф,954
Данила,Одинцов,185200,Повременный,857
Мариан,Кудрявцева,965589,Повременный,480
Потап,Суворова,791915,Безлимитный тариф,98
Валерьян,Логинов,163653,Комбинированный,445
Эрнест,Юдин,765781,Повременный,67
Любосмысл,Селезнев,656711,Безлимитный тариф,472
Эрнст,Владимиров,640865,Безлимитный тариф,191
Пров,Васильев,874318,Комбинированный,672
Моисей,Сысоева,759506,Комбинированный,370
Кир,Мельников,984215,Повременный,821
Светлана,Третьякова,848074,Повременный,493
Варлаам,Кошелев,247180,Безлимитный тариф,264
Милован,Большаков,567601,Безлимитный тариф,260
Моисей,Потапова,437847,Комбинированный,297
Нифонт,Назарова,940177,Безлимитный тариф,48
Емельян,Никитина,928464,Комбинированный,344
Елизавета,Воронов,382849,Комбинированный,678
Савватий,Фомичева,761083,Безлимитный тариф,209
Вероника,Фомичев,772726,Повременный,686
Богдан,Аксенов,923039,Безлимитный тариф,228
Поликарп,Суханова,576376,Безлимитный тариф,420
Клавдий,Моисеева,222851,Безлимитный тариф,514
Наркис,Князева,372348,Повременный,326
Антонина,Матвеева,107965,Безлимитный тариф,301
Петр,Кошелева,164548,Повременный,954
Всеволод,Якушева,920826,Комбинированный,844
Леон,Сорокина,110848,Повременный,411
Карл,Назаров,394018,Безлимитный тариф,617
Семен,Кононова,673739,Повременный,560
Симон,Беляков,774215,Безлимитный тариф,643
Эраст,Калашникова,134576,Безлимитный тариф,662
Мина,Одинцов,977755,Повременный,490
Ипатий,Денисов,535692,Повременный,361
Бронислав,Елисеев,662411,Безлимитный тариф,556
Гаврила,Молчанов,756164,Комбинированный,798
Аверьян,Лаврентьев,421652,Повременный,999
Феврония,Евдокимов,320679,Комбинированный,657
Геннадий,Филатова,252980,Повременный,700
Роман,Громова,603671,Комбинированный,886
Агата,Дроздов,866232,Комбинированный,62
Порфирий,Романова,617911,Повременный,88
Прасковья,Матвеева,172104,Безлимитный тариф,339
Чеслав,Субботина,790976,Безлимитный тариф,220
Мирослав,Сорокин,514898,Повременный,145
Елисей,Горбунов,497182,Повременный,923
Боян,Жуков,664432,Комбинированный,995
Игорь,Кузнецова,643120,Безлимитный тариф,34
Софон,Михеева,982247,Повременный,629
Милован,Селиверстова,794356,Комбинированный,824
Панкрат,Игнатьева,802745,Повременный,415
Амвросий,Одинцова,138819,Повременный,856
Никанор,Котов,938262,Повременный,381
Марина,Сысоев,474084,Повременный,827
Леонид,Алексеев,322329,Комбинированный,987
Вячеслав,Исаков,870497,Комбинированный,602
Лазарь,Захаров,563246,Комбинированный,622
Агафон,Сергеева,352221,Комбинированный,246
Василий,Пестов,103623,Безлимитный тариф,6
Евдоким,Антонов,603380,Повременный,609
Анжелика,Гурьева,812095,Комбинированный,727
Филипп,Соболева,615051,Повременный,834
Моисей,Щербаков,394605,Безлимитный тариф,607
Евлампий,Воронова,236880,Повременный,372
Ипатий,Наумова,608058,Комбинированный,436
Любовь,Ларионова,601156,Безлимитный тариф,207
Лариса,Агафонов,228865,Повременный,176
Мариан,Яковлева,618015,Комбинированный,328
Лукия,Степанов,180532,Повременный,856
Денис,Анисимова,305754,Повременный,238
Трифон,Нестерова,982046,Повременный,360
Федот,Константинов,697151,Безлимитный тариф,738
Елисей,Фомин,710960,Комбинированный,953
Федор,Иванов,693691,Повременный,569
Елизар,Жуков,917189,Безлимитный тариф,590
Феврония,Поляков,350788,Безлимитный тариф,911
Гордей,Дмитриева,548609,Комбинированный,911
Андроник,Комиссаров,884286,Безлимитный тариф,31
Ростислав,Федосеева,993158,Комбинированный,377
Соломон,Соколова,716671,Повременный,478
Александра,Степанова,804975,Комбинированный,153
Ульян,Тетерин,201048,Комбинированный,234
Ольга,Мухин,587246,Безлимитный тариф,678
Андрей,Карпов,609951,Безлимитный тариф,76
Сократ,Богданов,983309,Комбинированный,384
Тарас,Анисимов,304236,Безлимитный тариф,123
